id,company_id,image_url,local_path
1,1,https://companiesmarketcap.com/img/company-logos/256/NVDA.png,C:\Users\Kimpler\Desktop\1labBA\output\images\NVIDIANVDA.png
2,2,https://companiesmarketcap.com/img/company-logos/256/AAPL.png,C:\Users\Kimpler\Desktop\1labBA\output\images\AppleAAPL.png
3,3,https://companiesmarketcap.com/img/company-logos/256/GOOG.png,C:\Users\Kimpler\Desktop\1labBA\output\images\(Google)GOOG.png
4,4,https://companiesmarketcap.com/img/company-logos/256/MSFT.png,C:\Users\Kimpler\Desktop\1labBA\output\images\MicrosoftMSFT.png
5,5,https://companiesmarketcap.com/img/company-logos/256/AMZN.png,C:\Users\Kimpler\Desktop\1labBA\output\images\AmazonAMZN.png
6,6,https://companiesmarketcap.com/img/company-logos/256/TSM.png,C:\Users\Kimpler\Desktop\1labBA\output\images\TSMCTSM.png
7,7,https://companiesmarketcap.com/img/company-logos/256/SPCX.png,C:\Users\Kimpler\Desktop\1labBA\output\images\SpaceXSPCX.png
8,8,https://companiesmarketcap.com/img/company-logos/256/META.png,C:\Users\Kimpler\Desktop\1labBA\output\images\(Facebook)META.png
9,9,https://companiesmarketcap.com/img/company-logos/256/AVGO.png,C:\Users\Kimpler\Desktop\1labBA\output\images\BroadcomAVGO.png
10,10,https://companiesmarketcap.com/img/company-logos/256/2222.SR.png,C:\Users\Kimpler\Desktop\1labBA\output\images\Aramco2222.SR.png
11,11,https://companiesmarketcap.com/img/company-logos/256/TSLA.png,C:\Users\Kimpler\Desktop\1labBA\output\images\TeslaTSLA.png
12,12,https://companiesmarketcap.com/img/company-logos/256/005930.KS.png,C:\Users\Kimpler\Desktop\1labBA\output\images\Samsung005930.KS.png
13,13,https://companiesmarketcap.com/img/company-logos/256/MU.png,C:\Users\Kimpler\Desktop\1labBA\output\images\TechnologyMU.png
14,14,https://companiesmarketcap.com/img/company-logos/256/BRK-B.png,C:\Users\Kimpler\Desktop\1labBA\output\images\HathawayBRK-B.png
15,15,https://companiesmarketcap.com/img/company-logos/256/LLY.png,C:\Users\Kimpler\Desktop\1labBA\output\images\LillyLLY.png
16,16,https://companiesmarketcap.com/img/company-logos/256/AMD.png,C:\Users\Kimpler\Desktop\1labBA\output\images\AMDAMD.png
17,17,https://companiesmarketcap.com/img/company-logos/256/000660.KS.png,C:\Users\Kimpler\Desktop\1labBA\output\images\Hynix000660.KS.png
18,18,https://companiesmarketcap.com/img/company-logos/256/JPM.png,C:\Users\Kimpler\Desktop\1labBA\output\images\ChaseJPM.png
19,19,https://companiesmarketcap.com/img/company-logos/256/WMT.png,C:\Users\Kimpler\Desktop\1labBA\output\images\WalmartWMT.png
20,20,https://companiesmarketcap.com/img/company-logos/256/V.png,C:\Users\Kimpler\Desktop\1labBA\output\images\VisaV.png
21,21,https://companiesmarketcap.com/img/company-logos/256/ASML.png,C:\Users\Kimpler\Desktop\1labBA\output\images\ASMLASML.png
22,22,https://companiesmarketcap.com/img/company-logos/256/XOM.png,C:\Users\Kimpler\Desktop\1labBA\output\images\MobilXOM.png
23,23,https://companiesmarketcap.com/img/company-logos/256/JNJ.png,C:\Users\Kimpler\Desktop\1labBA\output\images\JohnsonJNJ.png
24,24,https://companiesmarketcap.com/img/company-logos/256/INTC.png,C:\Users\Kimpler\Desktop\1labBA\output\images\IntelINTC.png
25,25,https://companiesmarketcap.com/img/company-logos/256/688825.SS.png,C:\Users\Kimpler\Desktop\1labBA\output\images\CXMT688825.SS.png
26,26,https://companiesmarketcap.com/img/company-logos/256/TCEHY.png,C:\Users\Kimpler\Desktop\1labBA\output\images\TencentTCEHY.png
27,27,https://companiesmarketcap.com/img/company-logos/256/MA.png,C:\Users\Kimpler\Desktop\1labBA\output\images\MastercardMA.png
28,28,https://companiesmarketcap.com/img/company-logos/256/ABBV.png,C:\Users\Kimpler\Desktop\1labBA\output\images\AbbVieABBV.png
29,29,https://companiesmarketcap.com/img/company-logos/256/ORCL.png,C:\Users\Kimpler\Desktop\1labBA\output\images\OracleORCL.png
30,30,https://companiesmarketcap.com/img/company-logos/256/PLTR.png,C:\Users\Kimpler\Desktop\1labBA\output\images\PalantirPLTR.png
31,31,https://companiesmarketcap.com/img/company-logos/256/CSCO.png,C:\Users\Kimpler\Desktop\1labBA\output\images\CiscoCSCO.png
32,32,https://companiesmarketcap.com/img/company-logos/256/601939.SS.png,C:\Users\Kimpler\Desktop\1labBA\output\images\Bank601939.SS.png
33,33,https://companiesmarketcap.com/img/company-logos/256/BAC.png,C:\Users\Kimpler\Desktop\1labBA\output\images\AmericaBAC.png
34,34,https://companiesmarketcap.com/img/company-logos/256/CVX.png,C:\Users\Kimpler\Desktop\1labBA\output\images\ChevronCVX.png
35,35,https://companiesmarketcap.com/img/company-logos/256/COST.png,C:\Users\Kimpler\Desktop\1labBA\output\images\CostcoCOST.png
36,36,https://companiesmarketcap.com/img/company-logos/256/LRCX.png,C:\Users\Kimpler\Desktop\1labBA\output\images\ResearchLRCX.png
37,37,https://companiesmarketcap.com/img/company-logos/256/CAT.png,C:\Users\Kimpler\Desktop\1labBA\output\images\CaterpillarCAT.png
38,38,https://companiesmarketcap.com/img/company-logos/256/KO.png,C:\Users\Kimpler\Desktop\1labBA\output\images\Coca-ColaKO.png
39,39,https://companiesmarketcap.com/img/company-logos/256/MRK.png,C:\Users\Kimpler\Desktop\1labBA\output\images\MerckMRK.png
40,40,https://companiesmarketcap.com/img/company-logos/256/AMAT.png,C:\Users\Kimpler\Desktop\1labBA\output\images\MaterialsAMAT.png
41,41,https://companiesmarketcap.com/img/company-logos/256/DELL.png,C:\Users\Kimpler\Desktop\1labBA\output\images\DellDELL.png
42,42,https://companiesmarketcap.com/img/company-logos/256/RO.SW.png,C:\Users\Kimpler\Desktop\1labBA\output\images\RocheRO.SW.png
43,43,https://companiesmarketcap.com/img/company-logos/256/601288.SS.png,C:\Users\Kimpler\Desktop\1labBA\output\images\China601288.SS.png
44,44,https://companiesmarketcap.com/img/company-logos/256/HSBC.png,C:\Users\Kimpler\Desktop\1labBA\output\images\HSBCHSBC.png
45,45,https://companiesmarketcap.com/img/company-logos/256/ARM.png,C:\Users\Kimpler\Desktop\1labBA\output\images\HoldingsARM.png
46,46,https://companiesmarketcap.com/img/company-logos/256/1398.HK.png,C:\Users\Kimpler\Desktop\1labBA\output\images\ICBC1398.HK.png
47,47,https://companiesmarketcap.com/img/company-logos/256/PG.png,C:\Users\Kimpler\Desktop\1labBA\output\images\GamblePG.png
48,48,https://companiesmarketcap.com/img/company-logos/256/UNH.png,C:\Users\Kimpler\Desktop\1labBA\output\images\UnitedHealthUNH.png
49,49,https://companiesmarketcap.com/img/company-logos/256/GE.png,C:\Users\Kimpler\Desktop\1labBA\output\images\ElectricGE.png
50,50,https://companiesmarketcap.com/img/company-logos/256/MS.png,C:\Users\Kimpler\Desktop\1labBA\output\images\StanleyMS.png
51,51,https://companiesmarketcap.com/img/company-logos/256/601988.SS.png,C:\Users\Kimpler\Desktop\1labBA\output\images\China601988.SS.png
52,52,https://companiesmarketcap.com/img/company-logos/256/NFLX.png,C:\Users\Kimpler\Desktop\1labBA\output\images\NetflixNFLX.png
53,53,https://companiesmarketcap.com/img/company-logos/256/PANW.png,C:\Users\Kimpler\Desktop\1labBA\output\images\NetworksPANW.png
54,54,https://companiesmarketcap.com/img/company-logos/256/HD.png,C:\Users\Kimpler\Desktop\1labBA\output\images\DepotHD.png
55,55,https://companiesmarketcap.com/img/company-logos/256/PM.png,C:\Users\Kimpler\Desktop\1labBA\output\images\InternationalPM.png
56,56,https://companiesmarketcap.com/img/company-logos/256/BABA.png,C:\Users\Kimpler\Desktop\1labBA\output\images\AlibabaBABA.png
57,57,https://companiesmarketcap.com/img/company-logos/256/RY.png,C:\Users\Kimpler\Desktop\1labBA\output\images\CanadaRY.png
58,58,https://companiesmarketcap.com/img/company-logos/256/GS.png,C:\Users\Kimpler\Desktop\1labBA\output\images\SachsGS.png
59,59,https://companiesmarketcap.com/img/company-logos/256/NVS.png,C:\Users\Kimpler\Desktop\1labBA\output\images\NovartisNVS.png
60,60,https://companiesmarketcap.com/img/company-logos/256/SHEL.png,C:\Users\Kimpler\Desktop\1labBA\output\images\ShellSHEL.png
61,61,https://companiesmarketcap.com/img/company-logos/256/MUFG.png,C:\Users\Kimpler\Desktop\1labBA\output\images\FinancialMUFG.png
62,62,https://companiesmarketcap.com/img/company-logos/256/RTX.png,C:\Users\Kimpler\Desktop\1labBA\output\images\RTXRTX.png
63,63,https://companiesmarketcap.com/img/company-logos/256/WFC.png,C:\Users\Kimpler\Desktop\1labBA\output\images\FargoWFC.png
64,64,https://companiesmarketcap.com/img/company-logos/256/2454.TW.png,C:\Users\Kimpler\Desktop\1labBA\output\images\MediaTek2454.TW.png
65,65,https://companiesmarketcap.com/img/company-logos/256/AZN.png,C:\Users\Kimpler\Desktop\1labBA\output\images\AstraZenecaAZN.png
66,66,https://companiesmarketcap.com/img/company-logos/256/ANET.png,C:\Users\Kimpler\Desktop\1labBA\output\images\NetworksANET.png
67,67,https://companiesmarketcap.com/img/company-logos/256/SNDK.png,C:\Users\Kimpler\Desktop\1labBA\output\images\SandiskSNDK.png
68,68,https://companiesmarketcap.com/img/company-logos/256/CRWD.png,C:\Users\Kimpler\Desktop\1labBA\output\images\CrowdStrikeCRWD.png
69,69,https://companiesmarketcap.com/img/company-logos/256/GEV.png,C:\Users\Kimpler\Desktop\1labBA\output\images\VernovaGEV.png
70,70,https://companiesmarketcap.com/img/company-logos/256/TXN.png,C:\Users\Kimpler\Desktop\1labBA\output\images\InstrumentsTXN.png
71,71,https://companiesmarketcap.com/img/company-logos/256/SIE.DE.png,C:\Users\Kimpler\Desktop\1labBA\output\images\SiemensSIE.DE.png
72,72,https://companiesmarketcap.com/img/company-logos/256/TMO.png,C:\Users\Kimpler\Desktop\1labBA\output\images\ScientificTMO.png
73,73,https://companiesmarketcap.com/img/company-logos/256/SAP.png,C:\Users\Kimpler\Desktop\1labBA\output\images\SAPSAP.png
74,74,https://companiesmarketcap.com/img/company-logos/256/NESN.SW.png,C:\Users\Kimpler\Desktop\1labBA\output\images\NestléNESN.SW.png
75,75,https://companiesmarketcap.com/img/company-logos/256/KLAC.png,C:\Users\Kimpler\Desktop\1labBA\output\images\KLAKLAC.png
76,76,https://companiesmarketcap.com/img/company-logos/256/OR.PA.png,C:\Users\Kimpler\Desktop\1labBA\output\images\L'OréalOR.PA.png
77,77,https://companiesmarketcap.com/img/company-logos/256/600519.SS.png,C:\Users\Kimpler\Desktop\1labBA\output\images\Moutai600519.SS.png
78,78,https://companiesmarketcap.com/img/company-logos/256/MRVL.png,C:\Users\Kimpler\Desktop\1labBA\output\images\TechnologyMRVL.png
79,79,https://companiesmarketcap.com/img/company-logos/256/MC.PA.png,C:\Users\Kimpler\Desktop\1labBA\output\images\LVMHMC.PA.png
80,80,https://companiesmarketcap.com/img/company-logos/256/9984.T.png,C:\Users\Kimpler\Desktop\1labBA\output\images\Corp.9984.T.png
81,81,https://companiesmarketcap.com/img/company-logos/256/TM.png,C:\Users\Kimpler\Desktop\1labBA\output\images\ToyotaTM.png
82,82,https://companiesmarketcap.com/img/company-logos/256/C.png,C:\Users\Kimpler\Desktop\1labBA\output\images\CitigroupC.png
83,83,https://companiesmarketcap.com/img/company-logos/256/0857.HK.png,C:\Users\Kimpler\Desktop\1labBA\output\images\PetroChina0857.HK.png
84,84,https://companiesmarketcap.com/img/company-logos/256/IHC.AE.png,C:\Users\Kimpler\Desktop\1labBA\output\images\CompanyIHC.AE.png
85,85,https://companiesmarketcap.com/img/company-logos/256/BHP.png,C:\Users\Kimpler\Desktop\1labBA\output\images\GroupBHP.png
86,86,https://companiesmarketcap.com/img/company-logos/256/0941.HK.png,C:\Users\Kimpler\Desktop\1labBA\output\images\Mobile0941.HK.png
87,87,https://companiesmarketcap.com/img/company-logos/256/IBM.png,C:\Users\Kimpler\Desktop\1labBA\output\images\IBMIBM.png
88,88,https://companiesmarketcap.com/img/company-logos/256/AMGN.png,C:\Users\Kimpler\Desktop\1labBA\output\images\AmgenAMGN.png
89,89,https://companiesmarketcap.com/img/company-logos/256/SAN.png,C:\Users\Kimpler\Desktop\1labBA\output\images\SantanderSAN.png
90,90,https://companiesmarketcap.com/img/company-logos/256/AXP.png,C:\Users\Kimpler\Desktop\1labBA\output\images\ExpressAXP.png
91,91,https://companiesmarketcap.com/img/company-logos/256/LIN.png,C:\Users\Kimpler\Desktop\1labBA\output\images\LindeLIN.png
92,92,https://companiesmarketcap.com/img/company-logos/256/300750.SZ.png,C:\Users\Kimpler\Desktop\1labBA\output\images\CATL300750.SZ.png
93,93,https://companiesmarketcap.com/img/company-logos/256/QCOM.png,C:\Users\Kimpler\Desktop\1labBA\output\images\QUALCOMMQCOM.png
94,94,https://companiesmarketcap.com/img/company-logos/256/TD.png,C:\Users\Kimpler\Desktop\1labBA\output\images\BankTD.png
95,95,https://companiesmarketcap.com/img/company-logos/256/STX.png,C:\Users\Kimpler\Desktop\1labBA\output\images\TechnologySTX.png
96,96,https://companiesmarketcap.com/img/company-logos/256/APH.png,C:\Users\Kimpler\Desktop\1labBA\output\images\AmphenolAPH.png
97,97,https://companiesmarketcap.com/img/company-logos/256/TTE.png,C:\Users\Kimpler\Desktop\1labBA\output\images\TotalEnergiesTTE.png
98,98,https://companiesmarketcap.com/img/company-logos/256/VZ.png,C:\Users\Kimpler\Desktop\1labBA\output\images\VerizonVZ.png
99,99,https://companiesmarketcap.com/img/company-logos/256/CRM.png,C:\Users\Kimpler\Desktop\1labBA\output\images\SalesforceCRM.png
100,100,https://companiesmarketcap.com/img/company-logos/256/ALV.DE.png,C:\Users\Kimpler\Desktop\1labBA\output\images\SEALV.DE.png
